{
  "properties": {
    "ambient": {
      "w": 1.0,
      "x": 0.0,
      "y": 0.0,
      "z": 0.0
    },
    "diffuse": {
      "w": 1.0,
      "x": 0.6431372761726379,
      "y": 0.5529412031173706,
      "z": 0.4784314036369324
    },
    "emissive": {
      "w": 1.0,
      "x": 0.0,
      "y": 0.0,
      "z": 0.0
    },
    "specular": {
      "w": 1.0,
      "x": 0.6431372761726379,
      "y": 0.5529412031173706,
      "z": 0.47843137383461
    },
    "specular_power": 1.0,
    "use_texture": 0
  },
  "texture_asset": {
    "name": ""
  }
}