{
  "properties": {
    "ambient": {
      "w": 1.0,
      "x": 0.0,
      "y": 0.0,
      "z": 0.0
    },
    "diffuse": {
      "w": 1.0,
      "x": 0.6039215922355652,
      "y": 0.5098039507865906,
      "z": 0.45098039507865906
    },
    "emissive": {
      "w": 1.0,
      "x": 0.0,
      "y": 0.0,
      "z": 0.0
    },
    "specular": {
      "w": 1.0,
      "x": 0.6039215922355652,
      "y": 0.5098039507865906,
      "z": 0.45098039507865906
    },
    "specular_power": 97.0,
    "use_texture": 0
  },
  "texture_asset": {
    "name": ""
  }
}