{
  "properties": {
    "ambient": {
      "w": 1.0,
      "x": 0.0,
      "y": 0.0,
      "z": 0.0
    },
    "diffuse": {
      "w": 1.0,
      "x": 0.3529411852359772,
      "y": 0.3764706254005432,
      "z": 0.2549019753932953
    },
    "emissive": {
      "w": 1.0,
      "x": 0.0,
      "y": 0.0,
      "z": 0.0
    },
    "specular": {
      "w": 1.0,
      "x": 0.3529411852359772,
      "y": 0.3764706254005432,
      "z": 0.2549019753932953
    },
    "specular_power": 1.0,
    "use_texture": 0
  },
  "texture_asset": {
    "name": ""
  }
}