{
  "properties": {
    "ambient": {
      "w": 1.0,
      "x": 0.0,
      "y": 0.0,
      "z": 0.0
    },
    "diffuse": {
      "w": 1.0,
      "x": 0.3529411852359772,
      "y": 0.27450981736183167,
      "z": 0.2078431397676468
    },
    "emissive": {
      "w": 1.0,
      "x": 0.0,
      "y": 0.0,
      "z": 0.0
    },
    "specular": {
      "w": 1.0,
      "x": 0.3529411852359772,
      "y": 0.27450981736183167,
      "z": 0.2078431397676468
    },
    "specular_power": 76.80000305175781,
    "use_texture": 0
  },
  "texture_asset": {
    "name": ""
  }
}