{
  "properties": {
    "ambient": {
      "w": 1.0,
      "x": 0.0,
      "y": 0.0,
      "z": 0.0
    },
    "diffuse": {
      "w": 1.0,
      "x": 0.760784387588501,
      "y": 0.6666666865348816,
      "z": 0.6509804129600525
    },
    "emissive": {
      "w": 1.0,
      "x": 0.0,
      "y": 0.0,
      "z": 0.0
    },
    "specular": {
      "w": 1.0,
      "x": 0.760784387588501,
      "y": 0.6666666865348816,
      "z": 0.6509804129600525
    },
    "specular_power": 1.0,
    "use_texture": 0
  },
  "texture_asset": {
    "name": ""
  }
}