{
  "properties": {
    "ambient": {
      "w": 1.0,
      "x": 0.0,
      "y": 0.0,
      "z": 0.0
    },
    "diffuse": {
      "w": 1.0,
      "x": 0.48627451062202454,
      "y": 0.11764705926179886,
      "z": 0.10588235408067703
    },
    "emissive": {
      "w": 1.0,
      "x": 0.0,
      "y": 0.0,
      "z": 0.0
    },
    "specular": {
      "w": 1.0,
      "x": 0.48627451062202454,
      "y": 0.11764705926179886,
      "z": 0.10588235408067703
    },
    "specular_power": 1.0,
    "use_texture": 0
  },
  "texture_asset": {
    "name": ""
  }
}