{
  "properties": {
    "ambient": {
      "w": 1.0,
      "x": 0.0,
      "y": 0.0,
      "z": 0.0
    },
    "diffuse": {
      "w": 1.0,
      "x": 0.6549019813537598,
      "y": 0.48235294222831726,
      "z": 0.30980393290519714
    },
    "emissive": {
      "w": 1.0,
      "x": 0.0,
      "y": 0.0,
      "z": 0.0
    },
    "specular": {
      "w": 1.0,
      "x": 0.6549019813537598,
      "y": 0.48235294222831726,
      "z": 0.30980393290519714
    },
    "specular_power": 1.0,
    "use_texture": 0
  },
  "texture_asset": {
    "name": ""
  }
}