{
  "properties": {
    "ambient": {
      "w": 1.0,
      "x": 0.09019608050584793,
      "y": 0.09019608050584793,
      "z": 0.843137264251709
    },
    "diffuse": {
      "w": 1.0,
      "x": 0.125490203499794,
      "y": 0.18039216101169586,
      "z": 0.7686274647712708
    },
    "emissive": {
      "w": 1.0,
      "x": 0.0,
      "y": 0.0,
      "z": 0.0
    },
    "specular": {
      "w": 1.0,
      "x": 0.15294118225574493,
      "y": 0.16862745583057404,
      "z": 0.7607843279838562
    },
    "specular_power": 76.80000305175781,
    "use_texture": 0
  }
}