{
  "properties": {
    "ambient": {
      "w": 1.0,
      "x": 0.5490195751190186,
      "y": 0.5490195751190186,
      "z": 0.5490195751190186
    },
    "diffuse": {
      "w": 1.0,
      "x": 1.0,
      "y": 1.0,
      "z": 1.0
    },
    "emissive": {
      "w": 1.0,
      "x": 0.0,
      "y": 0.0,
      "z": 0.0
    },
    "specular": {
      "w": 1.0,
      "x": 1.0,
      "y": 1.0,
      "z": 1.0
    },
    "specular_power": 1.0,
    "use_texture": 1
  },
  "texture_asset": {
    "name": "test_image"
  }
}