{
  "color": {
    "x": 0.9300000071525574,
    "y": 0.9300000071525574,
    "z": 0.9300000071525574
  },
  "emitted_color": {
    "x": 0.0,
    "y": 0.0,
    "z": 0.0
  },
  "gloss_color": {
    "x": 1.0,
    "y": 1.0,
    "z": 1.0
  },
  "gloss_probability": 0.20000000298023224,
  "refraction_index": 0.0,
  "refraction_probability": 0.0,
  "smoothness": 0.9399999976158142
}