{
  "properties": {
    "ambient": {
      "w": 1.0,
      "x": 0.1921568661928177,
      "y": 0.6274510025978088,
      "z": 0.20392157137393951
    },
    "diffuse": {
      "w": 1.0,
      "x": 0.16470588743686676,
      "y": 0.7254902124404907,
      "z": 0.14509804546833038
    },
    "emissive": {
      "w": 1.0,
      "x": 0.0,
      "y": 0.0,
      "z": 0.0
    },
    "specular": {
      "w": 1.0,
      "x": 0.21176470816135406,
      "y": 0.729411780834198,
      "z": 0.18039216101169586
    },
    "specular_power": 76.80000305175781,
    "use_texture": 0
  }
}