{
  "properties": {
    "ambient": {
      "w": 1.0,
      "x": 0.1921568661928177,
      "y": 0.6274510025978088,
      "z": 0.20392157137393951
    },
    "diffuse": {
      "w": 1.0,
      "x": 0.16470588743686676,
      "y": 0.7254902124404907,
      "z": 0.14509804546833038
    },
    "emissive": {
      "w": 1.0,
      "x": 0.0,
      "y": 0.0,
      "z": 0.0
    },
    "specular": {
      "w": 1.0,
      "x": 0.6425654292106628,
      "y": 0.9166666865348816,
      "z": 0.9166666865348816
    },
    "specular_power": 97.0,
    "use_texture": 0
  }
}