{
  "color": {
    "x": 0.8300000429153442,
    "y": 0.8300000429153442,
    "z": 0.8300000429153442
  },
  "emitted_color": {
    "x": 0.0,
    "y": 0.0,
    "z": 0.0
  },
  "gloss_color": {
    "x": 0.0,
    "y": 0.0,
    "z": 0.0
  },
  "gloss_probability": 0.0,
  "refraction_index": 0.0,
  "refraction_probability": 0.0,
  "smoothness": 0.8500000238418579,
  "is_light": false
}