{
  "color": {
    "x": 0.7200000286102295,
    "y": 0.4399999976158142,
    "z": 0.20000000298023224
  },
  "emitted_color": {
    "x": 0.0,
    "y": 0.0,
    "z": 0.0
  },
  "gloss_color": {
    "x": 0.0,
    "y": 0.0,
    "z": 0.0
  },
  "gloss_probability": 0.0,
  "refraction_index": 0.0,
  "refraction_probability": 0.0,
  "smoothness": 0.6000000238418579,
  "type": 1
}