{
  "color": {
    "x": 0.8999999761581421,
    "y": 0.8999999761581421,
    "z": 0.8999999761581421
  },
  "emitted_color": {
    "x": 0.20000000298023224,
    "y": 0.20000000298023224,
    "z": 0.20000000298023224
  },
  "gloss_color": {
    "x": 1.0,
    "y": 1.0,
    "z": 1.0
  },
  "gloss_probability": 0.6000000238418579,
  "refraction_index": 0.0,
  "refraction_probability": 0.0,
  "smoothness": 0.699999988079071,
  "is_light": false
}