{
  "properties": {
    "ambient": {
      "w": 1.0,
      "x": 0.8284313678741455,
      "y": 0.4791906774044037,
      "z": 0.4791906774044037
    },
    "diffuse": {
      "w": 1.0,
      "x": 0.7598038911819458,
      "y": 0.2495434284210205,
      "z": 0.2495434284210205
    },
    "emissive": {
      "w": 1.0,
      "x": 0.0,
      "y": 0.0,
      "z": 0.0
    },
    "specular": {
      "w": 1.0,
      "x": 0.5588235259056091,
      "y": 0.5191838145256042,
      "z": 0.2218858301639557
    },
    "specular_power": 76.80000305175781,
    "use_texture": 0
  }
}