{
  "properties": {
    "ambient": {
      "w": 1.0,
      "x": 0.7960784435272217,
      "y": 0.1764705926179886,
      "z": 0.1764705926179886
    },
    "diffuse": {
      "w": 1.0,
      "x": 0.8156862854957581,
      "y": 0.10588235408067703,
      "z": 0.10588235408067703
    },
    "emissive": {
      "w": 1.0,
      "x": 0.0,
      "y": 0.0,
      "z": 0.0
    },
    "specular": {
      "w": 1.0,
      "x": 0.7960784435272217,
      "y": 0.06666667014360428,
      "z": 0.06666667014360428
    },
    "specular_power": 76.80000305175781,
    "use_texture": 0
  }
}