{
  "properties": {
    "ambient": {
      "w": 1.0,
      "x": 0.31538352370262146,
      "y": 0.3153836727142334,
      "z": 0.8578431606292725
    },
    "diffuse": {
      "w": 1.0,
      "x": 0.5046135783195496,
      "y": 0.5347674489021301,
      "z": 0.8578431606292725
    },
    "emissive": {
      "w": 1.0,
      "x": 0.0,
      "y": 0.0,
      "z": 0.0
    },
    "specular": {
      "w": 1.0,
      "x": 0.2991637587547302,
      "y": 0.813725471496582,
      "z": 0.798591136932373
    },
    "specular_power": 12.600000381469727,
    "use_texture": 0
  },
  "texture_asset": {
    "name": ""
  }
}