{
  "scene": {
    "ambient_light_color": {
      "w": 1.0,
      "x": 0.35784316062927246,
      "y": 0.35784316062927246,
      "z": 0.35784316062927246
    },
    "camera_config": {
      "aspect_ratio_h": 3.0,
      "aspect_ratio_w": 4.0,
      "field_of_view": 40.0,
      "look_from": {
        "x": -10.657670021057129,
        "y": 3.8445162773132324,
        "z": -10.285856246948242
      },
      "pitch": 7.93177604675293,
      "yaw": 45.30021286010742
    },
    "clear_color": {
      "w": 1.0,
      "x": 0.2549019455909729,
      "y": 0.2549019455909729,
      "z": 0.2549019455909729
    },
    "objects": [
      {
        "class_name": "hlight",
        "custom_display_name": "Light",
        "origin": {
          "x": -10.0,
          "y": 6.0,
          "z": -10.0
        },
        "properties": {
          "color": {
            "w": 1.0,
            "x": 1.0,
            "y": 1.0,
            "z": 1.0
          },
          "constant_attenuation": 0.0,
          "direction": {
            "w": 0.0,
            "x": 1.0,
            "y": 0.0,
            "z": 1.0
          },
          "enabled": 1,
          "light_type": 0,
          "linear_attenuation": 0.2199999988079071,
          "quadratic_attenuation": 0.0,
          "spot_angle": 1.5707963705062866
        }
      }
    ],
    "renderer_config": {
      "resolution_horizontal": 866,
      "resolution_vertical": 650,
      "type": "rgpu"
    }
  }
}